{
  "mean": [
    0.5036064248914032,
    0.5043438731184968,
    0.49803010405091425,
    0.2500252550762703,
    0.500989998989797,
    2.48209920193959,
    0.5036741084958077,
    0.5013637741185979,
    0.5046974441862815,
    0.5039418123042732,
    0.4964137791696131,
    0.5033508435195474,
    0.5036246085463179,
    0.25007677543186185,
    0.5027760379836347,
    0.2248813011415295,
    0.25021921406202646,
    0.25021921406202646,
    0.5034639862612384,
    0.503710475805637,
    0.2502363875138903,
    0.4988140216183453
  ],
  "scale": [
    0.28557010158739676,
    0.2856011879085797,
    0.4999961194948914,
    0.1444401090911984,
    0.2915467801288939,
    1.4364761682872247,
    0.2855098909592095,
    0.49999814011669425,
    0.4999779335311878,
    0.28566951265410717,
    0.4999871388547467,
    0.28557047335835023,
    0.28558455161184954,
    0.14442620728772707,
    0.28533895009918003,
    0.12424225751434967,
    0.14446029585684406,
    0.14432533888872923,
    0.285536930203541,
    0.2857004221340288,
    0.14442169752202996,
    0.288524095726701
  ],
  "feature_names": [
    "row4_X",
    "row5_X",
    "wall_type",
    "row2_Z",
    "SH",
    "max. ACH",
    "row1_Y",
    "natural_ventilation",
    "activated_mass",
    "row5_Y",
    "ceiling_type",
    "row3_X",
    "row2_Y",
    "row1_Z",
    "row4_Y",
    "Thickness",
    "row3_Z",
    "row4_Z",
    "row3_Y",
    "row1_X",
    "row5_Z",
    "row2_X"
  ]
}